{"total": 2, "videos": [{"plot": "JUMP-0109 Small Girls' Sex", "title": "JUMP-0109 Small Girls' Sex", "url": "http://highporn.net/video/81553/jump-0109-small-girls-sex", "poster": "http://pics.r18.com/digital/video/h_227jump00109/h_227jump00109pl.jpg", "actors": [""], "genre": "Hard Sex|Youthful|Relatives|Reluctant"}, {"plot": "AGEMIX-205 Blowjob Shot - Camera POV Virtual Blowjob", "title": "AGEMIX-205 Blowjob Shot - Camera POV Virtual Blowjob", "url": "http://highporn.net/video/68956/agemix-205-blowjob-shot-camera-pov-virtual-blowjob", "poster": "http://pics.r18.com/digital/video/h_213agemix00205/h_213agemix00205pl.jpg", "actors": ["Kaori Saejima", "Rei Narumi", "Naho Hasegawa", "Tsukasa Maeda", "Sora Harumiya"], "genre": "Older Sister|Other Fetishes|Cosplay|Blowjob|POV"}]}